{"cameraMode":{"drawMode":0,"name":"Shaded","section":"Shading Mode"},"sceneLighting":true,"audioPlay":false,"sceneViewState":{"showFog":true,"showMaterialUpdate":false,"showSkybox":true,"showFlares":true,"showImageEffects":true,"showParticleSystems":true},"in2DMode":false,"pivot":{"x":-0.859197199344635,"y":2.907113790512085,"z":-3.024435520172119},"rotation":{"x":0.07215335965156555,"y":-0.050864774733781818,"z":0.003688038559630513,"w":0.9960969686508179},"size":2.8245456218719484,"orthographic":false}