{"cameraMode":{"drawMode":0,"name":"Shaded","section":"Shading Mode"},"sceneLighting":true,"audioPlay":false,"sceneViewState":{"showFog":true,"showMaterialUpdate":false,"showSkybox":true,"showFlares":true,"showImageEffects":true,"showParticleSystems":true},"in2DMode":false,"pivot":{"x":1.7383509874343873,"y":2.99411678314209,"z":-4.5286030769348148},"rotation":{"x":-0.1178278923034668,"y":-0.18886134028434754,"z":0.022832145914435388,"w":-0.9746423959732056},"size":1.4926049709320069,"orthographic":false}